Parameter,S1
rS,0.665724755490853
IC50S,0
alphaS,0
rR,0.0606359468539851
IC50R,0
alphaR,0
K,0.0105641426028262
S0,0.0933658437227879
R0,0.0110911376321044
