Parameter,ST
rS,0.80448449769753
IC50S,0
alphaS,0
rR,0.0843743963497736
IC50R,0
alphaR,0
K,0.0398644858898525
S0,0.208957041582661
R0,0.0299122016909794
